친구,NNG
때문,NNG
사람,NNG
생각,NNG
기분,NNG
마음,NNG
결혼,NNG
걱정,NNG
정말,NNG
아내,NNG
화가,NNG
당황,NNG
무슨,NNG
말씀,NNG
건강,NNG
엄마,NNG
오늘,NNG
요즘,NNG
부모님,NNG
가족,NNG
것,NNG
병원,NNG
남자친구,NNG
자식,NNG
남편,NNG
성적,NNG
공부,NNG
가요,NNG
내,NNG
우리,NNG
이번,NNG
아빠,NNG
이유,NNG
고민,NNG
나,NNG
다른,NNG
혼자,NNG
연락,NNG
회사,NNG
동생,NNG
상황,NNG
아이,NNG
조금,NNG
짜증,NNG
자꾸,NNG
시험,NNG
나이,NNG
여자친구,NNG
아들,NNG
지금,NNG
문제,NNG
보고,NNG
상처,NNG
선생님,NNG
갑자기,NNG
혼란,NNG
스트레스,NNG
연애,NNG
여자,NNG
시간,NNG
이야기,NNG
대해,NNG
돈,NNG
더,NNG
남자,NNG
얘기,NNG
이제,NNG
준비,NNG
다행,NNG
수,NNG
언니,NNG
주변,NNG
결과,NNG
계속,NNG
충격,NNG
어제,NNG
안,NNG
아무,NNG
말,NNG
직장,NNG
위해,NNG
자신,NNG
수술,NNG
대학,NNG
모습,NNG
학교,NNG
출산,NNG
어머니,NNG
후회,NNG
무엇,NNG
관계,NNG
치료,NNG
할머니,NNG
신경,NNG
감정,NNG
건가,NNG
배신,NNG
때,NNG
하나,NNG
운동,NNG
생활,NNG
항상,NNG
진로,NNG
노인,NNG
의사,NNG
사실,NNG
얼마,NNG
모임,NNG
재정,NNG
도움,NNG
달라,NNG
여행,NNG
아버지,NNG
상사,NNG
눈물,NNG
축하,NNG
동료,NNG
모두,NNG
행동,NNG
매일,NNG
사이,NNG
사용자,NNG
임신,NNG
가지,NNG
아주,NNG
느낌,NNG
못,NNG
거,NNG
대화,NNG
상태,NNG
관리,NNG
애인,NNG
약속,NNG
방법,NNG
게,NNG
대인관계,NNG
건강검진,NNG
노력,NNG
가게,NNG
옆집,NNG
일,NNG
무시,NNG
질투,NNG
선물,NNG
대한,NNG
실망,NNG
자주,NNG
입원,NNG
결혼식,NNG
일인,NNG
누나,NNG
세상,NNG
용돈,NNG
매우,NNG
부분,NNG
신가,NNG
고생,NNG
자기,NNG
왜,NNG
가장,NNG
집,NNG
관심,NNG
투자,NNG
소식,NNG
사랑,NNG
몸,NNG
생일,NNG
검진,NNG
전화,NNG
질환,NNG
일로,NNG
처음,NNG
코로나,NNG
이혼,NNG
시작,NNG
재산,NNG
비교,NNG
바람,NNG
사업,NNG
알,NNG
인정,NNG
년,NNG
거짓말,NNG
외로워,NNG
취업,NNG
먼저,NNG
진짜,NNG
노후,NNG
혹시,NNG
해,NNG
점수,NNG
오빠,NNG
수가,NNG
계획,NNG
아기,NNG
잔소리,NNG
주식,NNG
소리,NNG
몰래,NNG
이상,NNG
고백,NNG
사장,NNG
경제,NNG
자녀,NNG
손자,NNG
사고,NNG
일이,NNG
걸,NNG
가기,NNG
고립,NNG
예전,NNG
사기,NNG
해도,NNG
내일,NNG
크게,NNG
씨,NNG
지인,NNG
평소,NNG
점점,NNG
이군,NNG
요새,NNG
동기,NNG
제일,NNG
그,NNG
좀,NNG
무척,NNG
잘못,NNG
최근,NNG
실수,NNG
해결,NNG
거절,NNG
음식,NNG
보험,NNG
설명,NNG
정도,NNG
다시,NNG
회의,NNG
하니,NNG
분과,NNG
은퇴,NNG
별로,NNG
동안,NNG
자랑,NNG
죄책감,NNG
좌절,NNG
그동안,NNG
신뢰,NNG
덕분,NNG
시선,NNG
담배,NNG
본인,NNG
이해,NNG
대학교,NNG
오지,NNG
선배,NNG
합격,NNG
언제,NNG
구역질,NNG
당뇨,NNG
환멸,NNG
오해,NNG
구체,NNG
사람과,NNG
중이,NNG
여유,NNG
혐오,NNG
수업,NNG
학원,NNG
열등감,NNG
서로,NNG
만날,NNG
제대로,NNG
진단,NNG
며느리,NNG
자금,NNG
물건,NNG
어려움,NNG
동네,NNG
점,NNG
퇴원,NNG
형편,NNG
인간관계,NNG
머리,NNG
지원,NNG
부담,NNG
벌써,NNG
얼굴,NNG
직원,NNG
고등학교,NNG
이,NNG
하루,NNG
칭찬,NNG
인생,NNG
병,NNG
병문안,NNG
자리,NNG
성격,NNG
숙제,NNG
매번,NNG
눈치,NNG
보기,NNG
집안,NNG
어디,NNG
검사,NNG
소개팅,NNG
스스로,NNG
반대,NNG
태도,NNG
희생,NNG
수학,NNG
모든,NNG
며칠,NNG
업무,NNG
결정,NNG
얼마나,NNG
교통사고,NNG
상담,NNG
발표,NNG
난,NNG
우울증,NNG
다음,NNG
치매,NNG
앞,NNG
주말,NNG
포기,NNG
버려진,NNG
소개,NNG
그냥,NNG
손주,NNG
살,NNG
후배,NNG
허리,NNG
퇴직,NNG
인사,NNG
부탁,NNG
이별,NNG
동창,NNG
프러포즈,NNG
꿈,NNG
아침,NNG
주지,NNG
요,NNG
기대,NNG
끼리,NNG
평생,NNG
만난,NNG
연금,NNG
하라,NNG
반응,NNG
이사,NNG
주위,NNG
대신,NNG
이후,NNG
외로움,NNG
만큼,NNG
누구,NNG
딸,NNG
슬픔,NNG
고혈압,NNG
만,NNG
사정,NNG
소문,NNG
데이트,NNG
줄,NNG
이세,NNG
동호회,NNG
당첨,NNG
과제,NNG
애가,NNG
가야,NNG
큰일,NNG
살이,NNG
유산,NNG
험담,NNG
생활비,NNG
게임,NNG
퇴근,NNG
대출,NNG
진학,NNG
가끔,NNG
기억,NNG
화해,NNG
취소,NNG
등산,NNG
부부,NNG
보험금,NNG
영감,NNG
명절,NNG
강요,NNG
학업,NNG
전혀,NNG
곳,NNG
악화,NNG
회식,NNG
저런,NNG
누군가,NNG
부장,NNG
비용,NNG
집안일,NNG
술,NNG
가입,NNG
상심,NNG
의식,NNG
아드님,NNG
집중,NNG
갱년기,NNG
시어머니,NNG
위로,NNG
뭔가,NNG
일등,NNG
마련,NNG
효과,NNG
일자리,NNG
응원,NNG
날,NNG
수치,NNG
육아,NNG
월세,NNG
여러,NNG
요구,NNG
양제,NNG
다리,NNG
안달,NNG
일찍,NNG
간호사,NNG
마비,NNG
무릎,NNG
대하,NNG
의심,NNG
요양원,NNG
통보,NNG
친척,NNG
신지,NNG
판정,NNG
수능,NNG
허락,NNG
자신감,NNG
의견,NNG
자고,NNG
헤어지자,NNG
번,NNG
기도,NNG
안도,NNG
혈압,NNG
상대,NNG
아르바이트,NNG
출근,NNG
마을,NNG
청소,NNG
뒤,NNG
기간,NNG
미리,NNG
당신,NNG
완치,NNG
거리,NNG
직업,NNG
긴장,NNG
체력,NNG
지갑,NNG
유지,NNG
미래,NNG
선택,NNG
현실,NNG
암,NNG
퇴직금,NNG
사과,NNG
가정,NNG
계기,NNG
비밀,NNG
정신,NNG
의지,NNG
믿음,NNG
분,NNG
데,NNG
저축,NNG
할아버지,NNG
경로당,NNG
분노,NNG
일도,NNG
따님,NNG
부동산,NNG
영어,NNG
필요,NNG
강아지,NNG
그녀,NNG
가면,NNG
옷,NNG
형,NNG
월급,NNG
만성,NNG
능력,NNG
누가,NNG
올해,NNG
노년,NNG
일부러,NNG
졸업,NNG
나니,NNG
안정,NNG
예정,NNG
피해,NNG
하나요,NNG
이웃,NNG
입사,NNG
노트,NNG
수도,NNG
정리,NNG
하자,NNG
간다,NNG
권유,NNG
환자,NNG
반장,NNG
전부,NNG
저번,NNG
버스,NNG
와이프,NNG
분위기,NNG
시기,NNG
적금,NNG
성적표,NNG
남,NNG
외식,NNG
극복,NNG
저녁,NNG
취약,NNG
가슴,NNG
대답,NNG
차이,NNG
일만,NNG
순간,NNG
소외,NNG
염려,NNG
관절염,NNG
경험,NNG
노,NNG
차별,NNG
달리,NNG
말다툼,NNG
흥분,NNG
대회,NNG
취직,NNG
가방,NNG
어머님,NNG
바로,NNG
통장,NNG
상대방,NNG
천식,NNG
지출,NNG
입시,NNG
화,NNG
참석,NNG
부인,NNG
전,NNG
부정,NNG
동아리,NNG
지각,NNG
일주일,NNG
몹시,NNG
사진,NNG
보,NNG
금전,NNG
통해,NNG
약,NNG
이용,NNG
탈모,NNG
손녀,NNG
사회,NNG
연인,NNG
청혼,NNG
등급,NNG
종일,NNG
평가,NNG
내용,NNG
식사,NNG
승진,NNG
여기저기,NNG
뭐,NNG
려고,NNG
병실,NNG
안심,NNG
활동,NNG
싸움,NNG
로부터,NNG
발견,NNG
방어,NNG
주가,NNG
통화,NNG
생기,NNG
공무원,NNG
과거,NNG
도박,NNG
다이어트,NNG
운영,NNG
은행,NNG
담임,NNG
커닝,NNG
확신,NNG
취미,NNG
점심,NNG
남아,NNG
추천,NNG
면접,NNG
현재,NNG
간섭,NNG
노래,NNG
자꾸만,NNG
당장,NNG
또,NNG
어디가,NNG
증상,NNG
드니,NNG
과장,NNG
손해,NNG
이름,NNG
의미,NNG
재촉,NNG
그게,NNG
신청,NNG
구매,NNG
시절,NNG
당뇨병,NNG
해고,NNG
동창회,NNG
파혼,NNG
필기,NNG
어이,NNG
외모,NNG
척,NNG
확인,NNG
산책,NNG
투병,NNG
외출,NNG
디스크,NNG
손님,NNG
보태,NNG
복권,NNG
원금,NNG
보지,NNG
화장실,NNG
절대,NNG
사용,NNG
진행,NNG
상의,NNG
관련,NNG
간호,NNG
마음대로,NNG
체중,NNG
식품,NNG
가격,NNG
룸메이트,NNG
집주인,NNG
등,NNG
다툼,NNG
짝사랑,NNG
편이,NNG
방해,NNG
핸드폰,NNG
악의,NNG
요리,NNG
멀리,NNG
오히려,NNG
감동,NNG
회장,NNG
따돌림,NNG
남지,NNG
피하,NNG
함부로,NNG
러신,NNG
방문,NNG
양보,NNG
꼭,NNG
적,NNG
영화,NNG
직접,NNG
살기,NNG
아버님,NNG
변화,NNG
퇴사,NNG
이성,NNG
큰아들,NNG
폭력,NNG
보이,NNG
욕,NNG
달,NNG
학생,NNG
휴가,NNG
신체,NNG
폐암,NNG
암치료,NNG
매달,NNG
간암,NNG
장님,NNG
계약,NNG
아파트,NNG
원래,NNG
모양,NNG
과외,NNG
기말고사,NNG
나중,NNG
건,NNG
개인,NNG
갈등,NNG
처리,NNG
배려,NNG
화목,NNG
깜짝,NNG
심정,NNG
헬스장,NNG
청년,NNG
거지,NNG
학과,NNG
간,NNG
애,NNG
분명,NNG
군대,NNG
표정,NNG
장난,NNG
새벽,NNG
날짜,NNG
명,NNG
준,NNG
감기,NNG
산부인과,NNG
식단,NNG
장사,NNG
대인,NNG
수입,NNG
거의,NNG
질문,NNG
압박,NNG
눈,NNG
지난,NNG
시골,NNG
감당,NNG
죽음,NNG
심장,NNG
술자리,NNG
표현,NNG
목표,NNG
무조건,NNG
대로,NNG
주로,NNG
삼십,NNG
단체,NNG
습관,NNG
위암,NNG
파티,NNG
무기,NNG
금액,NNG
정상,NNG
뉴스,NNG
질병,NNG
김,NNG
이민,NNG
명품,NNG
중간고사,NNG
전교,NNG
대비,NNG
부모,NNG
지방,NNG
두려움,NNG
컴퓨터,NNG
후,NNG
밥,NNG
외국,NNG
두,NNG
지병,NNG
복지관,NNG
지하철,NNG
개월,NNG
절교,NNG
인연,NNG
회비,NNG
예정일,NNG
시댁,NNG
시부모,NNG
인기,NNG
과목,NNG
데리,NNG
경우,NNG
도대체,NNG
옆,NNG
내지,NNG
방금,NNG
그때,NNG
신경질,NNG
재미,NNG
주어,NNG
장기,NNG
절망,NNG
관해,NNG
빚,NNG
카드,NNG
옛날,NNG
참여,NNG
고장,NNG
계산,NNG
대가,NNG
요청,NNG
해외여행,NNG
전염병,NNG
예약,NNG
기사,NNG
박,NNG
교수,NNG
신혼,NNG
대서,NNG
방학,NNG
금방,NNG
완전,NNG
학기,NNG
막상,NNG
몇,NNG
노트북,NNG
타고,NNG
겨우,NNG
처지,NNG
취해,NNG
재혼,NNG
답장,NNG
통증,NNG
말기,NNG
관절,NNG
재발,NNG
정기,NNG
주사,NNG
간병,NNG
만남,NNG
총각,NNG
보증,NNG
잔치,NNG
정년,NNG
중학교,NNG
상치,NNG
용기,NNG
고,NNG
보시,NNG
삶,NNG
조심,NNG
기회,NNG
심해,NNG
구,NNG
유학,NNG
회복,NNG
부터,NNG
중년,NNG
초기,NNG
문자,NNG
음식점,NNG
환갑,NNG
상견례,NNG
초대,NNG
입학,NNG
국어,NNG
내신,NNG
실력,NNG
왕따,NNG
불안감,NNG
종종,NNG
그것,NNG
당한,NNG
불만,NNG
정작,NNG
이제야,NNG
존재,NNG
어른,NNG
중인,NNG
정이,NNG
편지,NNG
손,NNG
쇼핑,NNG
추석,NNG
소통,NNG
센터,NNG
진료,NNG
요실금,NNG
근무,NNG
내시경,NNG
신세,NNG
사회생활,NNG
대리,NNG
내기,NNG
반,NNG
어차피,NNG
취급,NNG
온종일,NNG
창피해,NNG
팀,NNG
부쩍,NNG
억지로,NNG
화도,NNG
난리,NNG
시도,NNG
하루하루,NNG
배,NNG
사서,NNG
생계,NNG
밖,NNG
냄새,NNG
존경,NNG
공감,NNG
신발,NNG
메시지,NNG
주인,NNG
기침,NNG
유방암,NNG
야근,NNG
합병증,NNG
부서,NNG
대기업,NNG
일방,NNG
출금,NNG
주시,NNG
답안,NNG
부끄러움,NNG
감사,NNG
예상,NNG
구박,NNG
마지막,NNG
육십,NNG
그림,NNG
음악,NNG
조언,NNG
실기,NNG
원인,NNG
내년,NNG
대처,NNG
남동생,NNG
낼,NNG
먹기,NNG
진심,NNG
연예인,NNG
작년,NNG
이십,NNG
환경,NNG
갈수록,NNG
해외,NNG
사,NNG
조절,NNG
고양이,NNG
라면,NNG
온몸,NNG
지난주,NNG
친정,NNG
또래,NNG
녀석,NNG
달이,NNG
로또,NNG
귀가,NNG
사수,NNG
기부,NNG
뭘,NNG
뒷바라지,NNG
나신,NNG
가난,NNG
수시,NNG
물어,NNG
고기,NNG
숨기,NNG
더욱,NNG
여동생,NNG
개선,NNG
자살,NNG
도둑,NNG
잠,NNG
막내,NNG
장애,NNG
사촌,NNG
결심,NNG
차려,NNG
참고,NNG
지역,NNG
딸아이,NNG
뱃살,NNG
마스크,NNG
장례식,NNG
프로젝트,NNG
전학,NNG
적성,NNG
모의고사,NNG
정해,NNG
외톨이,NNG
지지,NNG
원망,NNG
탓,NNG
원서,NNG
오라,NNG
어깨,NNG
가도,NNG
염세,NNG
내야,NNG
형제,NNG
마치,NNG
조건,NNG
지난번,NNG
백만,NNG
의도,NNG
텔레비전,NNG
운전,NNG
고지혈증,NNG
처방,NNG
